<?xml version="1.0" encoding="UTF-8"?>
<jcr:root xmlns:sling="http://sling.apache.org/jcr/sling/1.0" xmlns:cq="http://www.day.com/jcr/cq/1.0" xmlns:jcr="http://www.jcp.org/jcr/1.0" xmlns:nt="http://www.jcp.org/jcr/nt/1.0"
    jcr:primaryType="nt:unstructured"
    jcr:title="Level 2 - Image LR Component"
    sling:resourceType="cq/gui/components/authoring/dialog">
    <content
        jcr:primaryType="nt:unstructured"
        sling:resourceType="granite/ui/components/foundation/container">
        <layout
            jcr:primaryType="nt:unstructured"
            sling:resourceType="granite/ui/components/foundation/layouts/tabs"
            type="nav"/>
        <items
            jcr:primaryType="nt:unstructured"
            sling:hideChildren="[column]">
            <basic
                jcr:primaryType="nt:unstructured"
                jcr:title="Content"
                sling:resourceType="granite/ui/components/foundation/section">
                <layout
                    jcr:primaryType="nt:unstructured"
                    sling:resourceType="granite/ui/components/foundation/layouts/fixedcolumns"
                    margin="{Boolean}false"/>
                <items jcr:primaryType="nt:unstructured">
                    <column
                        jcr:primaryType="nt:unstructured"
                        sling:resourceType="granite/ui/components/foundation/container">
                        <items jcr:primaryType="nt:unstructured">
                            <title
                                jcr:primaryType="nt:unstructured"
                                sling:resourceType="granite/ui/components/foundation/form/textfield"
                                fieldLabel="Title"
                                name="./title"/>
                            <description
                                jcr:primaryType="nt:unstructured"
                                sling:resourceType="granite/ui/components/foundation/form/textfield"
                                fieldLabel="Description"
                                name="./description"/>
                            <blocks
                                jcr:primaryType="nt:unstructured"
                                sling:resourceType="granite/ui/components/foundation/form/multifield"
                                fieldLabel="Blocks">
                                <field
                                    jcr:primaryType="nt:unstructured"
                                    sling:resourceType="granite/ui/components/foundation/form/fieldset"
                                    acs-commons-nested="NODE_STORE"
                                    name="./blocks">
                                    <layout
                                        jcr:primaryType="nt:unstructured"
                                        sling:resourceType="granite/ui/components/foundation/layouts/fixedcolumns"
                                        method="absolute"/>
                                    <items jcr:primaryType="nt:unstructured">
                                        <column
                                            jcr:primaryType="nt:unstructured"
                                            sling:resourceType="granite/ui/components/foundation/container">
                                            <items jcr:primaryType="nt:unstructured">
                                                <imagePath
                                                    jcr:primaryType="nt:unstructured"
                                                    sling:resourceType="granite/ui/components/foundation/form/pathbrowser"
                                                    fieldLabel="Image "
                                                    name="./imagePath"
                                                    rootPath="/content/dam/huawei-cbg-site/"/>
                                                <description
                                                    jcr:primaryType="nt:unstructured"
                                                    sling:resourceType="granite/ui/components/foundation/form/textfield"
                                                    fieldLabel="Description"
                                                    name="./description"/>
                                            </items>
                                        </column>
                                    </items>
                                </field>
                            </blocks>
                            <desktopImage
                                jcr:primaryType="nt:unstructured"
                                sling:resourceType="granite/ui/components/foundation/form/pathbrowser"
                                fieldLabel="Desktop Background Image"
                                name="./desktopImage"
                                rootPath="/content/dam/huawei-cbg-site"/>
                            <image
                                jcr:primaryType="nt:unstructured"
                                sling:resourceType="granite/ui/components/foundation/form/pathbrowser"
                                fieldLabel="Image"
                                name="./image"
                                rootPath="/content/dam/huawei-cbg-site"/>
                            <imagePosition
                                jcr:primaryType="nt:unstructured"
                                sling:resourceType="granite/ui/components/foundation/form/select"
                                fieldLabel="Image position"
                                name="./imagePosition">
                                <items jcr:primaryType="nt:unstructured">
                                    <left
                                        jcr:primaryType="nt:unstructured"
                                        text="Left"
                                        value="left"/>
                                    <right
                                        jcr:primaryType="nt:unstructured"
                                        text="Right"
                                        value="right"/>
                                </items>
                            </imagePosition>
                        </items>
                    </column>
                </items>
            </basic>
        </items>
    </content>
</jcr:root>
