<?xml version="1.0" encoding="UTF-8"?>
<jcr:root xmlns:sling="http://sling.apache.org/jcr/sling/1.0" xmlns:cq="http://www.day.com/jcr/cq/1.0" xmlns:jcr="http://www.jcp.org/jcr/1.0" xmlns:nt="http://www.jcp.org/jcr/nt/1.0"
    jcr:primaryType="nt:unstructured"
    jcr:title="Html Text Component"
    sling:resourceType="cq/gui/components/authoring/dialog"
    helpPath="en/cq/current/wcm/default_components.html#Text">
    <content
        jcr:primaryType="nt:unstructured"
        sling:resourceType="granite/ui/components/foundation/container">
        <layout
            jcr:primaryType="nt:unstructured"
            sling:resourceType="granite/ui/components/foundation/layouts/mode"/>
        <items jcr:primaryType="nt:unstructured">
            <column
                jcr:primaryType="nt:unstructured"
                sling:resourceType="granite/ui/components/foundation/container">
                <items jcr:primaryType="nt:unstructured">
                    <fieldset
                        jcr:primaryType="nt:unstructured"
                        jcr:title="HTML Content"
                        sling:resourceType="granite/ui/components/foundation/form/fieldset">
                        <items jcr:primaryType="nt:unstructured">
                            <html
                                jcr:primaryType="nt:unstructured"
                                sling:resourceType="granite/ui/components/foundation/form/textarea"
                                fieldLabel="Html Content"
                                name="./htmlContent"
                                resize="vertical"
                                rows="{Long}14"/>
                            <customStyle
                                jcr:primaryType="nt:unstructured"
                                sling:resourceType="granite/ui/components/foundation/form/textarea"
                                fieldLabel="Custom Style"
                                name="./customStyle"
                                resize="vertical"/>
                            <customJs
                                jcr:primaryType="nt:unstructured"
                                sling:resourceType="granite/ui/components/foundation/form/textarea"
                                fieldLabel="Custom Javascript"
                                name="./customJs"
                                resize="vertical"/>
                        </items>
                    </fieldset>
                </items>
            </column>
        </items>
    </content>
</jcr:root>
