<?xml version="1.0" encoding="UTF-8"?>
<jcr:root xmlns:sling="http://sling.apache.org/jcr/sling/1.0" xmlns:cq="http://www.day.com/jcr/cq/1.0" xmlns:jcr="http://www.jcp.org/jcr/1.0" xmlns:nt="http://www.jcp.org/jcr/nt/1.0"
    jcr:primaryType="nt:unstructured"
    jcr:title="Hybrid Zoom Component"
    sling:resourceType="cq/gui/components/authoring/dialog">
    <content
        jcr:primaryType="nt:unstructured"
        sling:resourceType="granite/ui/components/foundation/container">
        <layout
            jcr:primaryType="nt:unstructured"
            sling:resourceType="granite/ui/components/foundation/layouts/tabs"
            type="nav"/>
        <items
            jcr:primaryType="nt:unstructured"
            sling:hideChildren="[column]">
            <basic
                jcr:primaryType="nt:unstructured"
                jcr:title="BASIC"
                sling:resourceType="granite/ui/components/foundation/section">
                <layout
                    jcr:primaryType="nt:unstructured"
                    sling:resourceType="granite/ui/components/foundation/layouts/fixedcolumns"
                    margin="{Boolean}false"/>
                <items jcr:primaryType="nt:unstructured">
                    <column
                        jcr:primaryType="nt:unstructured"
                        sling:resourceType="granite/ui/components/foundation/container">
                        <items jcr:primaryType="nt:unstructured">
                            <title
                                jcr:primaryType="nt:unstructured"
                                sling:resourceType="granite/ui/components/foundation/form/textfield"
                                fieldLabel="Title"
                                name="./title"/>
                            <description
                                jcr:primaryType="nt:unstructured"
                                sling:resourceType="granite/ui/components/foundation/form/textfield"
                                fieldLabel="Description"
                                name="./description"/>
                            <zoomText
                                jcr:primaryType="nt:unstructured"
                                sling:resourceType="granite/ui/components/foundation/form/textfield"
                                fieldLabel="Zoom Text"
                                name="./zoomText"/>
                            <desktopBackgroundImage
                                jcr:primaryType="nt:unstructured"
                                sling:resourceType="granite/ui/components/foundation/form/pathbrowser"
                                fieldLabel="Desktop Background Image"
                                name="./desktopImage"
                                rootPath="/content/dam/huawei-cbg-site/"/>
                            <mobileBackgroundImage
                                jcr:primaryType="nt:unstructured"
                                sling:resourceType="granite/ui/components/foundation/form/pathbrowser"
                                fieldLabel="Mobile Background Image"
                                name="./mobileImage"
                                rootPath="/content/dam/huawei-cbg-site/"/>
                            <mobileBackgroundImageAlt
                                jcr:primaryType="nt:unstructured"
                                sling:resourceType="granite/ui/components/foundation/form/textfield"
                                fieldLabel="Mobile Background Image Alt"
                                name="./mobileImageAlt"/>
                            <zoomFrameImage
                                jcr:primaryType="nt:unstructured"
                                sling:resourceType="granite/ui/components/foundation/form/pathbrowser"
                                fieldLabel="Zoom Frame Image"
                                name="./zoomFrameImage"
                                rootPath="/content/dam/huawei-cbg-site/"/>
                            <zoomFrameImageAlt
                                jcr:primaryType="nt:unstructured"
                                sling:resourceType="granite/ui/components/foundation/form/textfield"
                                fieldLabel="Zoom Frame Image Alt"
                                name="./zoomFrameImageAlt"/>
                            <zoomImage
                                jcr:primaryType="nt:unstructured"
                                sling:resourceType="granite/ui/components/foundation/form/pathbrowser"
                                fieldLabel="Zoom Image"
                                name="./zoomImage"
                                rootPath="/content/dam/huawei-cbg-site/"/>
                            <zoomImageAlt
                                jcr:primaryType="nt:unstructured"
                                sling:resourceType="granite/ui/components/foundation/form/textfield"
                                fieldLabel="Zoom Image Alt"
                                name="./zoomImageAlt"/>
                        </items>
                    </column>
                </items>
            </basic>
        </items>
    </content>
</jcr:root>
