<?xml version="1.0" encoding="UTF-8"?>
<jcr:root xmlns:sling="http://sling.apache.org/jcr/sling/1.0" xmlns:cq="http://www.day.com/jcr/cq/1.0" xmlns:jcr="http://www.jcp.org/jcr/1.0" xmlns:nt="http://www.jcp.org/jcr/nt/1.0"
    jcr:primaryType="nt:unstructured"
    jcr:title="Level 2 - Text Image Banner Component"
    sling:resourceType="cq/gui/components/authoring/dialog">
    <content
        jcr:primaryType="nt:unstructured"
        sling:resourceType="granite/ui/components/foundation/container">
        <layout
            jcr:primaryType="nt:unstructured"
            sling:resourceType="granite/ui/components/foundation/layouts/fixedcolumns"/>
        <items jcr:primaryType="nt:unstructured">
            <column
                jcr:primaryType="nt:unstructured"
                sling:resourceType="granite/ui/components/foundation/container">
                <items jcr:primaryType="nt:unstructured">
                    <title
                        jcr:primaryType="nt:unstructured"
                        sling:resourceType="granite/ui/components/foundation/form/textfield"
                        fieldLabel="Title"
                        name="./title"/>
                    <description
                        jcr:primaryType="nt:unstructured"
                        sling:resourceType="granite/ui/components/foundation/form/textfield"
                        fieldLabel="Description"
                        name="./description"/>
                    <images
                        jcr:primaryType="nt:unstructured"
                        sling:resourceType="granite/ui/components/foundation/form/multifield"
                        fieldLabel="Images">
                        <field
                            jcr:primaryType="nt:unstructured"
                            sling:resourceType="granite/ui/components/foundation/form/fieldset"
                            acs-commons-nested="NODE_STORE"
                            name="./images">
                            <layout
                                jcr:primaryType="nt:unstructured"
                                sling:resourceType="granite/ui/components/foundation/layouts/fixedcolumns"
                                method="absolute"/>
                            <items jcr:primaryType="nt:unstructured">
                                <column
                                    jcr:primaryType="nt:unstructured"
                                    sling:resourceType="granite/ui/components/foundation/container">
                                    <items jcr:primaryType="nt:unstructured">
                                        <color
                                            jcr:primaryType="nt:unstructured"
                                            sling:resourceType="granite/ui/components/foundation/form/textfield"
                                            fieldLabel="Color"
                                            name="./color"/>
                                        <mainImage
                                            jcr:primaryType="nt:unstructured"
                                            sling:resourceType="granite/ui/components/foundation/form/pathbrowser"
                                            fieldLabel="Main Image"
                                            name="./mainImage"
                                            rootPath="/content/dam/huawei-cbg-site"/>
                                        <mainImageAltText
                                            jcr:primaryType="nt:unstructured"
                                            sling:resourceType="granite/ui/components/foundation/form/textfield"
                                            fieldLabel="Main Image Alt Text"
                                            name="./mainImageAltText"/>
                                        <colorImage
                                            jcr:primaryType="nt:unstructured"
                                            sling:resourceType="granite/ui/components/foundation/form/pathbrowser"
                                            fieldLabel="Color Image"
                                            name="./colorImage"
                                            rootPath="/content/dam/huawei-cbg-site"/>
                                        <colorImageAltText
                                            jcr:primaryType="nt:unstructured"
                                            sling:resourceType="granite/ui/components/foundation/form/textfield"
                                            fieldLabel="Color Image Alt Text"
                                            name="./colorImageAltText"/>
                                    </items>
                                </column>
                            </items>
                        </field>
                    </images>
                </items>
            </column>
        </items>
    </content>
</jcr:root>
