<?xml version="1.0" encoding="UTF-8"?>
<jcr:root xmlns:sling="http://sling.apache.org/jcr/sling/1.0" xmlns:cq="http://www.day.com/jcr/cq/1.0" xmlns:jcr="http://www.jcp.org/jcr/1.0" xmlns:nt="http://www.jcp.org/jcr/nt/1.0"
    jcr:primaryType="nt:unstructured"
    jcr:title="Product Text On Image Component"
    sling:resourceType="cq/gui/components/authoring/dialog">
    <content
        jcr:primaryType="nt:unstructured"
        sling:resourceType="granite/ui/components/foundation/container">
        <layout
            jcr:primaryType="nt:unstructured"
            sling:resourceType="granite/ui/components/foundation/layouts/tabs"
            type="nav"/>
        <items
            jcr:primaryType="nt:unstructured"
            sling:hideChildren="[column]">
            <basic
                jcr:primaryType="nt:unstructured"
                jcr:title="BASIC"
                sling:resourceType="granite/ui/components/foundation/section">
                <layout
                    jcr:primaryType="nt:unstructured"
                    sling:resourceType="granite/ui/components/foundation/layouts/fixedcolumns"
                    margin="{Boolean}false"/>
                <items jcr:primaryType="nt:unstructured">
                    <column
                        jcr:primaryType="nt:unstructured"
                        sling:resourceType="granite/ui/components/foundation/container">
                        <items jcr:primaryType="nt:unstructured">
                            <title
                                jcr:primaryType="nt:unstructured"
                                sling:resourceType="cq/gui/components/authoring/dialog/richtext"
                                fieldLabel="Title"
                                name="./title"/>
                            <description
                                jcr:primaryType="nt:unstructured"
                                sling:resourceType="cq/gui/components/authoring/dialog/richtext"
                                fieldLabel="Description"
                                name="./description"/>
                            <titleColor
                                jcr:primaryType="nt:unstructured"
                                sling:resourceType="/apps/huawei-cbg-site/widgets/colorpicker"
                                fieldLabel="Title Color"
                                id="titleColor"
                                name="./titleColor"
                                value="#000000"/>
                            <descriptionColor
                                jcr:primaryType="nt:unstructured"
                                sling:resourceType="/apps/huawei-cbg-site/widgets/colorpicker"
                                fieldLabel="Description Color"
                                id="descriptionColor"
                                name="./descriptionColor"
                                value="#000000"/>
                            <imagePath
                                jcr:primaryType="nt:unstructured"
                                sling:resourceType="granite/ui/components/foundation/form/pathbrowser"
                                fieldLabel="Image Path"
                                name="./imagePath"
                                rootPath="/content/dam/huawei-cbg-site/"/>
                        </items>
                    </column>
                </items>
            </basic>
        </items>
    </content>
</jcr:root>
