<?xml version="1.0" encoding="UTF-8"?>
<jcr:root xmlns:sling="http://sling.apache.org/jcr/sling/1.0" xmlns:cq="http://www.day.com/jcr/cq/1.0" xmlns:jcr="http://www.jcp.org/jcr/1.0" xmlns:nt="http://www.jcp.org/jcr/nt/1.0"
    jcr:primaryType="nt:unstructured"
    jcr:title="Locations"
    sling:resourceType="granite/ui/components/foundation/section">
    <layout
        jcr:primaryType="nt:unstructured"
        sling:resourceType="granite/ui/components/foundation/layouts/fixedcolumns"/>
    <items jcr:primaryType="nt:unstructured">
        <column
            jcr:primaryType="nt:unstructured"
            sling:resourceType="granite/ui/components/foundation/container">
            <items jcr:primaryType="nt:unstructured">
                <locations
                    jcr:primaryType="nt:unstructured"
                    sling:resourceType="granite/ui/components/foundation/form/multifield"
                    class="full-width"
                    fieldDescription="Click 'Add field' to add a location"
                    fieldLabel="Locations">
                    <field
                        jcr:primaryType="nt:unstructured"
                        sling:resourceType="granite/ui/components/foundation/form/fieldset"
                        acs-commons-nested="NODE_STORE"
                        name="./locations">
                        <layout
                            jcr:primaryType="nt:unstructured"
                            sling:resourceType="granite/ui/components/foundation/layouts/fixedcolumns"
                            method="absolute"/>
                        <items jcr:primaryType="nt:unstructured">
                            <column
                                jcr:primaryType="nt:unstructured"
                                sling:resourceType="granite/ui/components/foundation/container">
                                <items jcr:primaryType="nt:unstructured">
                                    <label
                                        jcr:primaryType="nt:unstructured"
                                        sling:resourceType="granite/ui/components/foundation/form/textfield"
                                        fieldDescription="Label"
                                        fieldLabel="Label"
                                        name="./label"/>
                                    <link
                                        jcr:primaryType="nt:unstructured"
                                        sling:resourceType="granite/ui/components/foundation/form/pathbrowser"
                                        fieldDescription="Link"
                                        fieldLabel="Link"
                                        name="./link"
                                        rootPath="/content/huawei-cbg-site"/>
                                    <openInNewPage
                                        jcr:primaryType="nt:unstructured"
                                        sling:resourceType="granite/ui/components/foundation/form/checkbox"
                                        text="Open in New Page"
                                        value="true"
                                        name="./openInNewPage" />
                                    <cssClass
                                        jcr:primaryType="nt:unstructured"
                                        sling:resourceType="granite/ui/components/foundation/form/textfield"
                                        fieldDescription="Css class"
                                        fieldLabel="Css class"
                                        name="./cssClass"/>
                                    <act
                                        jcr:primaryType="nt:unstructured"
                                        sling:resourceType="granite/ui/components/foundation/form/textfield"
                                        fieldDescription="This value is used for Analytics purpose"
                                        fieldLabel="Analytics Action (act)"
                                        name="./act"/>
                                </items>
                            </column>
                        </items>
                    </field>
                </locations>
            </items>
        </column>
    </items>
</jcr:root>
