<?xml version="1.0" encoding="UTF-8"?>
<jcr:root xmlns:sling="http://sling.apache.org/jcr/sling/1.0" xmlns:cq="http://www.day.com/jcr/cq/1.0" xmlns:jcr="http://www.jcp.org/jcr/1.0" xmlns:nt="http://www.jcp.org/jcr/nt/1.0"
    jcr:primaryType="nt:unstructured"
    jcr:title="Footer Page Group Component"
    sling:resourceType="cq/gui/components/authoring/dialog">
    <content
        jcr:primaryType="nt:unstructured"
        sling:resourceType="granite/ui/components/foundation/container">
        <layout
            jcr:primaryType="nt:unstructured"
            sling:resourceType="granite/ui/components/foundation/layouts/fixedcolumns"/>
        <items jcr:primaryType="nt:unstructured">
            <column
                jcr:primaryType="nt:unstructured"
                sling:resourceType="granite/ui/components/foundation/container">
                <items jcr:primaryType="nt:unstructured">
                    <displayOnMobile
                        jcr:primaryType="nt:unstructured"
                        sling:resourceType="granite/ui/components/foundation/form/checkbox"
                        name="./displayOnMobile"
                        text="Display on mobile"
                        value="true"/>
                    <heading
                        jcr:primaryType="nt:unstructured"
                        sling:resourceType="granite/ui/components/foundation/form/textfield"
                        fieldDescription="Heading"
                        fieldLabel="Heading"
                        name="./heading"/>
                    <headingLink
                        jcr:primaryType="nt:unstructured"
                        sling:resourceType="granite/ui/components/foundation/form/pathbrowser"
                        fieldDescription="Heading Link"
                        fieldLabel="Heading Link"
                        name="./headingLink"
                        rootPath="/content/huawei-cbg-site"/>
                    <supportLinks
                        jcr:primaryType="nt:unstructured"
                        sling:resourceType="granite/ui/components/foundation/form/multifield"
                        class="full-width footer-page-group-comp"
                        fieldDescription="Click 'Add field' to add a link"
                        fieldLabel="Footer links">
                        <field
                            jcr:primaryType="nt:unstructured"
                            sling:resourceType="granite/ui/components/foundation/form/fieldset"
                            acs-commons-nested="NODE_STORE"
                            name="./footerLinks">
                            <layout
                                jcr:primaryType="nt:unstructured"
                                sling:resourceType="granite/ui/components/foundation/layouts/fixedcolumns"
                                method="absolute"/>
                            <items jcr:primaryType="nt:unstructured">
                                <column
                                    jcr:primaryType="nt:unstructured"
                                    sling:resourceType="granite/ui/components/foundation/container">
                                    <items jcr:primaryType="nt:unstructured">
                                        <label
                                            jcr:primaryType="nt:unstructured"
                                            sling:resourceType="granite/ui/components/foundation/form/textfield"
                                            fieldDescription="Label"
                                            fieldLabel="Label"
                                            name="./label"/>
                                        <wrapValue
                                            jcr:primaryType="nt:unstructured"
                                            sling:resourceType="granite/ui/components/foundation/form/textfield"
                                            fieldDescription="Wrap Value"
                                            fieldLabel="Wrap Value"
                                            name="./wrapValue"/>
                                        <link
                                            jcr:primaryType="nt:unstructured"
                                            sling:resourceType="granite/ui/components/foundation/form/pathbrowser"
                                            fieldDescription="Link"
                                            fieldLabel="Link"
                                            name="./link"
                                            rootPath="/content/huawei-cbg-site"/>
                                        <openInNewPage
                                            jcr:primaryType="nt:unstructured"
                                            sling:resourceType="granite/ui/components/foundation/form/checkbox"
                                            name="./openInNewPage"
                                            text="Open in New Page"
                                            value="true"/>
                                        <act
                                            jcr:primaryType="nt:unstructured"
                                            sling:resourceType="granite/ui/components/foundation/form/textfield"
                                            fieldDescription="This value is used for Analytics purpose"
                                            fieldLabel="Analytics Action (act)"
                                            name="./act"/>
                                    </items>
                                </column>
                            </items>
                        </field>
                    </supportLinks>
                </items>
            </column>
        </items>
    </content>
</jcr:root>
