<?xml version="1.0" encoding="UTF-8"?>
<jcr:root xmlns:sling="http://sling.apache.org/jcr/sling/1.0" xmlns:cq="http://www.day.com/jcr/cq/1.0" xmlns:jcr="http://www.jcp.org/jcr/1.0" xmlns:nt="http://www.jcp.org/jcr/nt/1.0"
    jcr:primaryType="nt:unstructured"
    jcr:title="Image Banner"
    sling:resourceType="cq/gui/components/authoring/dialog">
    <content
        jcr:primaryType="nt:unstructured"
        sling:resourceType="granite/ui/components/foundation/container">
        <layout
            jcr:primaryType="nt:unstructured"
            sling:resourceType="granite/ui/components/foundation/layouts/fixedcolumns"/>
        <items jcr:primaryType="nt:unstructured">
            <columns
                jcr:primaryType="nt:unstructured"
                sling:resourceType="granite/ui/components/foundation/container">
                <items jcr:primaryType="nt:unstructured">
                    <contentTab
                        jcr:primaryType="nt:unstructured"
                        jcr:title="Content"
                        sling:resourceType="granite/ui/components/foundation/container">
                        <layout
                            jcr:primaryType="nt:unstructured"
                            sling:resourceType="granite/ui/components/foundation/layouts/fixedcolumns"/>
                        <items jcr:primaryType="nt:unstructured">
                            <columns
                                jcr:primaryType="nt:unstructured"
                                sling:resourceType="granite/ui/components/foundation/container">
                                <items jcr:primaryType="nt:unstructured">
                                    <ImagePos
                                        jcr:primaryType="nt:unstructured"
                                        sling:resourceType="granite/ui/components/foundation/form/select"
                                        fieldDescription="Text will be in the opposite position of image."
                                        fieldLabel="Image Position"
                                        name="./imagePos">
                                        <items jcr:primaryType="nt:unstructured">
                                            <left
                                                jcr:primaryType="nt:unstructured"
                                                text="Left"
                                                value="left"/>
                                            <right
                                                jcr:primaryType="nt:unstructured"
                                                text="Right"
                                                value="right"/>
                                        </items>
                                    </ImagePos>
                                    <bgImageUrl
                                        jcr:primaryType="nt:unstructured"
                                        sling:resourceType="granite/ui/components/foundation/form/pathbrowser"
                                        fieldLabel="Background Image Url"
                                        name="./bgImageUrl"
                                        rootPath="/content/dam"/>
                                    <bgImageAlt
                                        jcr:primaryType="nt:unstructured"
                                        sling:resourceType="granite/ui/components/foundation/form/textfield"
                                        fieldLabel="Background Image Alt"
                                        name="./bgImageAlt"/>
                                    <title
                                        jcr:primaryType="nt:unstructured"
                                        sling:resourceType="granite/ui/components/foundation/form/textfield"
                                        fieldLabel="Title"
                                        name="./title"/>
                                    <descText
                                        jcr:primaryType="nt:unstructured"
                                        sling:resourceType="granite/ui/components/foundation/form/textfield"
                                        fieldLabel="Description"
                                        name="./descText"/>
                                    <buttonList
                                        jcr:primaryType="nt:unstructured"
                                        sling:resourceType="granite/ui/components/foundation/form/multifield"
                                        fieldDescription="Click '+' to add a new Field"
                                        fieldLabel="Button List">
                                        <field
                                            jcr:primaryType="nt:unstructured"
                                            sling:resourceType="granite/ui/components/foundation/form/fieldset"
                                            acs-commons-nested="NODE_STORE"
                                            name="./buttons">
                                            <layout
                                                jcr:primaryType="nt:unstructured"
                                                sling:resourceType="granite/ui/components/foundation/layouts/fixedcolumns"
                                                method="absolute"/>
                                            <items jcr:primaryType="nt:unstructured">
                                                <column
                                                    jcr:primaryType="nt:unstructured"
                                                    sling:resourceType="granite/ui/components/foundation/container">
                                                    <items jcr:primaryType="nt:unstructured">
                                                        <buttonText
                                                            jcr:primaryType="nt:unstructured"
                                                            sling:resourceType="granite/ui/components/foundation/form/textfield"
                                                            fieldLabel="Button Text"
                                                            name="./buttonText"/>
                                                        <buttonPath
                                                            jcr:primaryType="nt:unstructured"
                                                            sling:resourceType="granite/ui/components/foundation/form/pathbrowser"
                                                            fieldLabel="Link"
                                                            name="./buttonPath"
                                                            rootPath="/content/huawei-cbg-site"/>
                                                        <openInNewPage
                                                            jcr:primaryType="nt:unstructured"
                                                            sling:resourceType="granite/ui/components/foundation/form/checkbox"
                                                            name="./openInNewPage"
                                                            text="Open in New Page"
                                                            value="true"/>
                                                        <cat
                                                            jcr:primaryType="nt:unstructured"
                                                            sling:resourceType="granite/ui/components/foundation/form/textfield"
                                                            fieldDescription="This value is used for Analytics purpose"
                                                            fieldLabel="Analytics Category (cat)"
                                                            name="./cat"/>
                                                        <act
                                                            jcr:primaryType="nt:unstructured"
                                                            sling:resourceType="granite/ui/components/foundation/form/textfield"
                                                            fieldDescription="This value is used for Analytics purpose"
                                                            fieldLabel="Analytics Action (act)"
                                                            name="./act"/>
                                                        <lab
                                                            jcr:primaryType="nt:unstructured"
                                                            sling:resourceType="granite/ui/components/foundation/form/textfield"
                                                            fieldDescription="This value is used for Analytics purpose"
                                                            fieldLabel="Analytics Label (lab)"
                                                            name="./lab"/>
                                                    </items>
                                                </column>
                                            </items>
                                        </field>
                                    </buttonList>
                                </items>
                            </columns>
                        </items>
                    </contentTab>
                </items>
            </columns>
        </items>
    </content>
</jcr:root>
